,DBN,SCHOOL NAME,avg_class_size,avg_largest_class,avg_smallest_class
1,01M292,Henry Street School for International Studies,22.56428571,26.57142857,18.5
2,01M332,University Neighborhood Middle School,22,23.5,21
3,01M378,School for Global Leaders,33,33,33
4,01M448,University Neighborhood High School,22.23125,27.0625,18.25
5,01M450,East Side Community School,21.2,22.86666667,19.4
6,01M458,Forsyth Satellite Academy,23,23.4,22.6
7,01M509,Marta Valle High School,23.57142857,27.35714286,20
8,01M515,Lower East Side Preparatory High School,22.87647059,28.58823529,15.76470588
9,01M539,"New Explorations into Science, Technology and Math High School",25.51052632,31.21052632,19.47368421
10,01M650,Cascades High School,21.78125,24.75,18.6875
11,01M696,Bard High School Early College,20.975,24.25,17.16666667
12,02M047,47 The American Sign Language and English Secondary School,16.07272727,17.09090909,15.09090909
13,02M104,J.H.S. 104 Simon Baruch,21.25,26.5,15
14,02M126,P.S. 126 Jacob August Riis,27.8,30,25
15,02M131,M.S. 131,14,14.66666667,13.33333333
16,02M255,M.S. 255 Salk School of Science,31,31,31
17,02M288,Food and Finance High School,22.68333333,26.16666667,19.33333333
18,02M294,Essex Street Academy,14.9,17.85714286,12.28571429
19,02M296,High School of Hospitality Management,22.96428571,27.57142857,16.21428571
20,02M298,Pace High School,21.3125,25.0625,18
21,02M300,"Urban Assembly School of Design and Construction, The",22.64166667,27.58333333,18.16666667
22,02M303,"Facing History School, The",21.85,26.16666667,18.5
23,02M305,"Urban Assembly Academy of Government and Law, The",20.8,24,17.625
24,02M308,Lower Manhattan Arts Academy,23.25,26,20.75
25,02M313,"James Baldwin School, The: A School for Expeditionary Learning",21.92142857,24.07142857,19.78571429
26,02M316,"Urban Assembly School of Business for Young Women, the",26.31666667,27.75,23.5
27,02M374,Gramercy Arts High School,27.20714286,30.57142857,22.85714286
28,02M376,NYC iSchool,37.02307692,50.69230769,25.84615385
29,02M392,MANHATTAN BUSINESS ACADEMY,25.25714286,27,23.42857143
30,02M393,BUSINESS OF SPORTS SCHOOL,22.12857143,26.42857143,16.14285714
31,02M394,EMMA LAZARUS HIGH SCHOOL,24.7,31.7,16.5
32,02M399,THE HIGH SCHOOL FOR LANGUAGE AND DIPLOMACY,17.85454545,24,14.09090909
33,02M400,High School for Environmental Studies,30.58,34.6,21.8
34,02M408,Professional Performing Arts High School,28.95294118,31.58823529,25.11764706
35,02M411,Baruch College Campus High School,26.57333333,31.53333333,19.4
36,02M412,N.Y.C. Lab School for Collaborative Studies,32.56666667,34.46666667,30.46666667
37,02M414,N.Y.C. Museum School,27.74375,31,23.9375
38,02M416,Eleanor Roosevelt High School,27.43333333,30.66666667,23.55555556
39,02M418,Millennium High School,29.21176471,31.35294118,26.41176471
40,02M419,Landmark High School,23.22857143,25.71428571,21.21428571
41,02M420,High School for Health Professions and Human Services,32.1875,34.0625,28.1875
42,02M425,Leadership and Public Service High School,27.97333333,31.86666667,22.66666667
43,02M427,MANHATTAN ACADEMY FOR ARTS & LANGUAGE,23.02,27,16.6
44,02M429,Legacy School for Integrated Studies,19.92307692,24.69230769,15.61538462
45,02M432,MURRAY HILL ACADEMY,17.075,21.75,12
46,02M437,HUDSON HIGH SCHOOL OF LEARNING TECHNOLOGIES,28,29,27
47,02M438,INTERNATIONAL HIGH SCHOOL AT UNION SQUARE,24.5,26,23
48,02M439,Manhattan Village Academy,21.35625,23.5,19.3125
49,02M440,Bayard Rustin Educational Complex,25.925,30.83333333,19.75
50,02M449,Vanguard High School,19.21666667,21.16666667,16.66666667
51,02M459,Manhattan International High School,20.31176471,22.47058824,17.17647059
52,02M460,Washington Irving High School,24.17058824,31.17647059,16.05882353
53,02M475,Stuyvesant High School,31.11578947,33.84210526,24.10526316
54,02M489,High School of Economics and Finance,27.33333333,32.22222222,20.16666667
55,02M500,Unity Center for Urban Technologies,25.04285714,30.71428571,19.28571429
56,02M519,Talent Unlimited High School,25.85,29.4375,21.0625
57,02M520,Murry Bergtraum High School for Business Careers,26.97058824,33.35294118,16.76470588
58,02M529,Jacqueline Kennedy Onassis High School,26.05,30.44444444,19.83333333
59,02M531,Repertory Company High School for Theatre Arts,23.9,25.5,21.91666667
60,02M542,Manhattan Bridges High School,23.475,26.9375,19.1875
61,02M543,New Design High School,22.63846154,24.69230769,20.30769231
62,02M544,Independence High School,19.45,24.21428571,14.28571429
63,02M545,High School for Dual Language and Asian Studies,21.81764706,26.29411765,16.58823529
64,02M550,Liberty High School Academy for Newcomers,18.60769231,21.61538462,15.15384615
65,02M551,The Urban Assembly New York Harbor School,24.01333333,27.33333333,19.73333333
66,02M575,Manhattan Comprehensive Night and Day High School,22.44285714,29.57142857,17
67,02M580,Richard R. Green High School of Teaching,26.08823529,30,21.41176471
68,02M586,Harvey Milk High School,13.62222222,13.77777778,13.55555556
69,02M600,The High School of Fashion Industries,30.60833333,32.75,26.91666667
70,02M605,Humanities Preparatory Academy,23.8,26.28571429,20.71428571
71,02M615,Chelsea Career and Technical Education High School,25.2,28.55555556,22.22222222
72,02M620,Norman Thomas High School,24.2,32.85714286,12.42857143
73,02M625,High School of Graphic Communication Arts,27.32666667,36.2,17.53333333
74,02M630,Art and Design High School,28.8875,33.6875,20.5625
75,02M655,Life Sciences Secondary School,23.92105263,30.52631579,16.68421053
76,03M054,J.H.S. 054 Booker T. Washington,31.5,32,30
77,03M180,P.S. 180 Hugo Newman,26.35,27,26
78,03M241,P.S. 241 Family Academy,15.5,18,13
79,03M247,M.S. M247 Dual Language Middle School,27.8,30,25
80,03M256,M.S. 256 Academic & Athletic Excellence,24,24,24
81,03M283,Manhattan Theatre Lab High School,26.52727273,32.09090909,21.27272727
82,03M299,"High School for Arts, Imagination and Inquiry",24.1375,28.3125,19.3125
83,03M307,"Urban Assembly School for Media Studies, The",19.80769231,21.46153846,18.53846154
84,03M334,The Anderson School,32,35,29
85,03M402,THE URBAN ASSEMBLY SCHOOL FOR GREEN CAREERS,10,10,10
86,03M403,THE GLOBAL LEARNING COLLABORATIVE,24.98,30,20
87,03M404,INNOVATION DIPLOMA PLUS,17.22307692,20.23076923,14.46153846
88,03M415,Wadleigh Secondary School for the Performing & Visual Arts,23.6,28.07692308,18.30769231
89,03M417,FRANK McCOURT HIGH SCHOOL,25,27,24
90,03M470,Louis D. Brandeis High School,21.86842105,27.21052632,15.42105263
91,03M479,Beacon High School,30.78333333,33.66666667,26.08333333
92,03M485,Fiorello H. LaGuardia High School of Music & Art and Performing Arts,31.30625,34.25,25.125
93,03M492,"High School for Law, Advocacy and Community Justice",23.41666667,28.77777778,18.55555556
94,03M494,High School of Arts and Technology,28.07142857,31.92857143,21.85714286
95,03M505,Edward A. Reynolds West Side High School,21.125,27.25,16.41666667
96,03M541,Manhattan / Hunter Science High School,21.6,26.42857143,16.92857143
97,03M859,Special Music School,13,13,13
98,03M860,Frederick Douglass Academy II Secondary School,21.89285714,25.57142857,18.14285714
99,04M050,P.S. 050 Vito Marcantonio,25,25,25
100,04M372,ESPERANZA PREPARATORY ACADEMY,25.5,26,25
101,04M409,Coalition School for Social Change,21.32,26.2,16.33333333
102,04M435,Manhattan Center for Science and Mathematics,31.06666667,34.11111111,24
103,04M495,Park East High School,19.04,22.6,15.06666667
104,04M555,Central Park East High School,25.16428571,28.28571429,20.71428571
105,04M610,Young Women's Leadership School,25.71176471,27.94117647,23
106,04M635,Academy of Environmental Science Secondary High School,26.17333333,29.26666667,23.13333333
107,04M680,"Heritage School, The",20.69285714,25.14285714,16.07142857
108,05M285,Harlem Renaissance High School,17.20833333,19.33333333,15.58333333
109,05M286,I.S. M286 Renaissance Military Leadership Academy,24.3,30,18
110,05M304,Mott Hall High School,25.64,31,19.86666667
111,05M362,Columbia Secondary School,25.36666667,25.83333333,24.5
112,05M367,Academy for Social Action: A College Board School,23.43076923,26.69230769,20
113,05M369,Urban Assembly School for the Performing Arts,24.23846154,27.38461538,21.30769231
114,05M469,Choir Academy of Harlem,22.55,26.375,18.5625
115,05M499,Frederick Douglass Academy,26.68125,31.625,19.6875
116,05M670,Thurgood Marshall Academy for Learning and Social Change,22.99333333,26.06666667,20.33333333
117,05M685,Bread & Roses Integrated Arts High School,22.81333333,27.06666667,18
118,05M692,"High School for Mathematics, Science and Engineering at City College",21.68125,25.625,17.4375
119,06M052,J.H.S. 052 Inwood,29.25,30,28.5
120,06M210,P.S./I.S. 210 - Twenty-first Century Academy for Community Leadership,23,23,23
121,06M293,City College Academy of the Arts,23.63571429,27.57142857,18.78571429
122,06M324,M.S. 324 - Patria Mirabal,19,22,17
123,06M326,M.S. 326 - Writers Today & Leaders Tomorrow,26,26,26
124,06M328,M.S. 328 - Manhattan Middle School for Scientific Inquiry,24.9,29,21
125,06M346,Community Health Academy of the Heights,27.06923077,31.38461538,22.76923077
126,06M348,Washington Heights Expeditionary Learning School,28.06,31.5,23.7
127,06M423,High School for Excellence and Innovation,17,18,16
128,06M462,High School for International Business and Finance,26.0375,30.5,20.5625
129,06M463,High School for Media and Communications,23.36875,28.6875,17.5625
130,06M467,High School for Law and Public Service,24.96666667,31,19.05555556
131,06M468,High School for Health Careers and Sciences,27.63125,31.3125,22.4375
132,06M528,I.S. 528 Bea Fuller Rodgers School,29.9,31,28.5
133,06M540,A. Philip Randolph Campus High School,30.04210526,32.68421053,23.84210526
134,06M552,Gregorio Luperon High School for Science and Mathematics,25.43076923,29.53846154,20.84615385
135,07X162,J.H.S. 162 Lola Rodriguez De Tio,30,30,30
136,07X203,M.S. 203,15,15,15
137,07X221,South Bronx Preparatory: A College Board School,21.38666667,25.26666667,17.33333333
138,07X223,M.S. 223 The Laboratory School of Finance and Technology,29,29,29
139,07X298,Academy of Public Relations,21.4,27,15
140,07X321,Crotona Academy High School,18.14166667,22,14.75
141,07X334,International Community High School,16.2,19.5,12.35714286
142,07X379,Jill Chaifetz Transfer High School,23.81538462,25.61538462,21.84615385
143,07X427,Community School for Social Justice,22.64375,24.5,19.875
144,07X473,Mott Haven Village Preparatory High School,24.34285714,27,21.35714286
145,07X495,University Heights Secondary School,26.88571429,30.14285714,22.07142857
146,07X500,Hostos-Lincoln Academy of Science,21.35555556,24.16666667,18.77777778
147,07X520,Foreign Language Academy of Global Studies,23.2125,27,19.3125
148,07X527,Bronx Leadership Academy II High School,24.40666667,27.2,20.4
149,07X547,New Explorers High School,24.15454545,25.72727273,22.18181818
150,07X548,Urban Assembly School for Careers in Sports,25.53888889,28.27777778,22.66666667
151,07X551,Bronx Academy of Letters,23.12,28.53333333,17.73333333
152,07X600,Alfred E. Smith Career and Technical Education High School,27.3,33.07142857,18.92857143
153,07X655,Samuel Gompers Career and Technical Education High School,23.62941176,28.41176471,17.05882353
154,07X670,Health Opportunities High School,25.73333333,30.66666667,19.13333333
155,08X125,J.H.S. 125 Henry Hudson,24,29,16
156,08X131,J.H.S. 131 Albert Einstein,31.7,33,31
157,08X269,Bronx Studio School for Writers and Artists,27.22857143,30.28571429,24.28571429
158,08X282,Women's Academy of Excellence,22,25.66666667,18.13333333
159,08X293,Renaissance High School for Musical Theater & Technology,25.82666667,30.66666667,19.86666667
160,08X295,Gateway School for Environmental Research and Technology,21.7,27.47058824,15.52941176
161,08X301,M.S. 301 Paul L. Dunbar,26,29,21
162,08X305,Pablo Neruda Academy for Architecture and World Studies,19.67692308,22.53846154,16.69230769
163,08X312,Millennium Art Academy,28.15714286,32,22.42857143
164,08X332,Holcombe L. Rucker School of Community Research,19.68823529,22.94117647,16.23529412
165,08X376,"Antonia Pantoja Preparatory Academy, A College Board School",23.5,24,23
166,08X405,Herbert H. Lehman High School,27.48421053,32.94736842,15.42105263
167,08X432,BRONX BRIDGES HIGH SCHOOL,19.08,21,17.2
168,08X519,"Felisa Rincon de Gautier Institute for Law and Public Policy, The",24.01875,28.9375,19.4375
169,08X530,Banana Kelly High School,25.28461538,30,20.53846154
170,08X540,School for Community Research and Learning,18.5,22.13333333,15.4
171,08X560,High School X560 - Bronx Academy High School,27.58333333,30.08333333,23.58333333
172,08X650,Jane Addams High School for Academic Careers,24.48333333,30.25,16.66666667
173,09X218,P.S./I.S. 218 Rafael Hernandez Dual Language Magnet School,26.7,28,24
174,09X219,I.S. 219 New Venture School,25.35,32,14.5
175,09X227,Bronx Expeditionary Learning High School,22.71428571,28.35714286,17.35714286
176,09X231,Eagle Academy for Young Men,25.47333333,30.33333333,19.86666667
177,09X232,I.S. 232,25.3,31,16
178,09X239,"Urban Assembly Academy for History and Citizenship for Young Men, The",21.25294118,23.23529412,19.29411765
179,09X241,"Urban Assembly School for Applied Math and Science, The",21.52941176,25,17.82352941
180,09X250,Eximius College Preparatory Academy: A College Board School,24.60769231,29.38461538,20.38461538
181,09X252,Mott Hall Bronx High School,27.71428571,31.85714286,23.85714286
182,09X260,Bronx Center for Science and Mathematics,22.67058824,28.82352941,16.35294118
183,09X263,Validus Preparatory Academy: An Expeditionary Learning School,26.28571429,29.14285714,22.78571429
184,09X276,Leadership Institute,22.1,25.70588235,18
185,09X297,Morris Academy for Collaborative Studies,22.84666667,27.66666667,18
186,09X303,I.S. X303 Leadership & Community Service,19,19,19
187,09X313,I.S. 313 School of Leadership Development,27.05,32,24
188,09X324,Bronx Early College Academy for Teaching & Learning,27.9625,30,26
189,09X325,Urban Science Academy,25,26,24
190,09X327,Comprehensive Model School Project M.S. 327,25.3,29,22
191,09X329,DreamYard Preparatory School,22.88571429,28.78571429,15.85714286
192,09X365,Academy for Language and Technology,23.71428571,28,18.35714286
193,09X403,Bronx International High School,15.61111111,22,12.44444444
194,09X404,School for Excellence,24.3,30.2,20.9
195,09X412,Bronx High School of Business,23.18461538,29.30769231,17.23076923
196,09X413,Bronx High School for Medical Science,26.03571429,30.35714286,21.5
197,09X414,Jonathan Levin High School for Media and Communications,24.69090909,29.72727273,19.18181818
198,09X505,"Bronx School for Law, Government and Justice",27.76666667,31.33333333,23.14285714
199,09X517,Frederick Douglass Academy III Secondary School,22.95625,27.5,17.5625
200,09X525,Bronx Leadership Academy High School,26.86875,30.6875,22.8125
201,09X543,High School for Violin and Dance,22.5,24.5,20.625
202,10X080,J.H.S. 080 The Mosholu Parkway,25,25,25
203,10X095,P.S. 095 Sheila Mencher,25.4,29,19
204,10X118,J.H.S. 118 William W. Niles,28.1,31,27
205,10X141,Riverdale / Kingsbridge Academy (Middle School / High School 141),26.79411765,30.70588235,21.35294118
206,10X206,I.S. 206 Ann Mersereau,27,32,21
207,10X213,Bronx Engineering and Technology Academy,22.02307692,25.76923077,18.69230769
208,10X225,Theatre Arts Production Company School,25.04,26.73333333,23.26666667
209,10X237,"The Marie Curie School for Medicine, Nursing, and Health Professions",25.8125,32.0625,19.875
210,10X243,West Bronx Academy for the Future,25.04285714,27.92857143,21.35714286
211,10X244,The New School for Leadership and Journalism,23.025,24.5,21.5
212,10X254,I.S. 254,27.7,34,23
213,10X268,Kingsbridge International High School,29.62857143,32.42857143,27
214,10X284,Bronx School of Law and Finance,23.35882353,28.94117647,16.76470588
215,10X315,P.S. 315 Lab School,22,24,20
216,10X319,Providing Urban Learners Success In Education High School,16.95714286,22,14.57142857
217,10X342,International School for Liberal Arts,23.72307692,28.76923077,16.61538462
218,10X368,In-Tech Academy (M.S. / High School 368),26.26666667,30.6,20.13333333
219,10X374,Knowledge and Power Preparatory Academy International High School (Kappa),22.75,28.44444444,17.11111111
220,10X390,M.S. 390,29,29,29
221,10X391,The Angelo Patri Middle School,19,19,19
222,10X397,English Language Learners and International Support Preparatory Academy (ELLIS),17.94,21.4,14.5
223,10X399,M.S. 399,28,28,28
224,10X433,High School for Teaching and the Professions,20.8,24.3125,16.25
225,10X434,Belmont Preparatory High School,22.36,27.66666667,17.13333333
226,10X437,Fordham High School for the Arts,22.88823529,26.47058824,18.82352941
227,10X438,Fordham Leadership Academy for Business and Technology,21.35625,25,17.4375
228,10X439,Bronx High School for Law and Community Service,21.72941176,25.58823529,16.88235294
229,10X440,DeWitt Clinton High School,26.05263158,32.31578947,14.63157895
230,10X442,"Celia Cruz Bronx High School of Music, The",23.26111111,26.66666667,19.38888889
231,10X445,Bronx High School of Science,31.16315789,34.21052632,23.36842105
232,10X459,EAST FORDHAM ACADEMY FOR THE ARTS,28.2,32,25
233,10X475,John F. Kennedy High School,25.19375,29.875,18.5
234,10X477,Marble Hill High School for International Studies,23.15882353,28.11764706,16.23529412
235,10X546,Bronx Theatre High School,24.12307692,31.07692308,17.23076923
236,10X549,Discovery High School,23.85384615,29.61538462,17.76923077
237,10X660,Grace Dodge Career and Technical Education High School,25.35,31,15.6875
238,10X696,High School of American Studies at Lehman College,22.18947368,25.42105263,18.42105263
239,11X083,P.S. 083 Donald Hertz,31.3,33,29
240,11X180,M.S. 180 Dr. Daniel Hale Williams,14.3,15,14
241,11X249,Bronx Health Sciences High School,22.67142857,29.21428571,16.64285714
242,11X253,Bronx High School for Writing and Communication Arts,23.66,29.2,17.66666667
243,11X265,Bronx Lab School,22.07857143,25.78571429,18.14285714
244,11X270,Academy for Scholarship and Entrepreneurship: A College Board School,28.15714286,32.35714286,24.71428571
245,11X275,High School of Computers and Technology,28.3,31.9,23.8
246,11X288,Collegiate Institute for Math and Science,24.11764706,29.11764706,18.52941176
247,11X290,Bronx Academy of Health Careers,27.10625,31.8125,22.1875
248,11X299,Astor Collegiate Academy,24.19333333,29.66666667,19
249,11X322,Aspire Preparatory Middle School,31.1,33,30
250,11X326,Bronx Green Middle School,28,28.5,27.5
251,11X370,School of Diplomacy,31,31,31
252,11X415,Christopher Columbus High School,27.29411765,31.23529412,21.64705882
253,11X418,Bronx High School for the Visual Arts,26.96470588,29.05882353,24.94117647
254,11X455,Harry S Truman High School,28.54444444,34.33333333,16.16666667
255,11X513,New World High School,21.71666667,25.5,17
256,11X514,The Bronxwood Preparatory Academy,22.9875,27,18.375
257,11X541,Global Enterprise High School,21.2875,25.1875,17.0625
258,11X542,Pelham Preparatory Academy,27.45294118,31.64705882,22.17647059
259,11X544,High School for Contemporary Arts,25.62352941,30.47058824,20.52941176
260,11X545,Bronx Aerospace High School,20.77368421,25.78947368,16.89473684
261,12X211,P.S. 211,27.7,29,25
262,12X212,P.S. 212,12,12,12
263,12X242,Mott Hall V,24.9,27,22.8
264,12X245,New Day Academy,20.45,22.64285714,18.42857143
265,12X248,"Metropolitan High School, The",23.29230769,25.46153846,20.61538462
266,12X251,Explorations Academy,21.15625,23.8125,18.5
267,12X262,Performance Conservatory High School,25.91538462,30.15384615,21.76923077
268,12X267,Bronx Latin,21.7,26.07142857,17.5
269,12X271,East Bronx Academy for the Future,26.97857143,30.78571429,22.21428571
270,12X278,Peace and Diversity Academy,21.04210526,22.21052632,19.94736842
271,12X286,Fannie Lou Hamer Middle School,23.75,24.5,23
272,12X372,Urban Assembly School for Wildlife Conservation,20.05,21,19.16666667
273,12X384,Entrada Academy,31,31,31
274,12X388,Pan American International High School at Monroe,15.36153846,18.07692308,13.23076923
275,12X478,THE CINEMA SCHOOL,22.69090909,25,18.72727273
276,12X479,BRONX CAREER AND COLLEGE PREPARATORY HIGH SCHOOL,21.94285714,24.14285714,18.85714286
277,12X480,Bronx Regional High School,27.28333333,31.83333333,22.83333333
278,12X550,High School of World Cultures,23.16666667,28.73333333,17.93333333
279,12X680,Bronx Coalition Community High School,13.375,13.5,13.25
280,12X682,Fannie Lou Hamer Freedom High School,22.46666667,25.41666667,18.75
281,12X684,Wings Academy,24.54705882,29.76470588,19.11764706
282,12X690,Monroe Academy for Business/Law,22.90666667,27.8,18.2
283,12X692,Monroe Academy for Visual Arts & Design,22.2,30.18181818,16.45454545
284,13K113,M.S. 113 Ronald Edmonds Learning Center,26.73333333,29,23.66666667
285,13K265,Dr. Susan S. McKinney Secondary School of the Arts,21.44375,25.5,16.6875
286,13K336,Academy of Business and Community Development,21.2875,21.625,20.875
287,13K350,Urban Assembly High School of Music and Art at Water's Edge,22.16923077,28.53846154,18.84615385
288,13K412,"Brooklyn Community High School of Communication, Arts and Media",25.2,28.86666667,20.66666667
289,13K419,Science Skills Center High School at Water's Edge,27.16111111,32.22222222,20.11111111
290,13K430,Brooklyn Technical High School,32.45263158,33.94736842,28.57894737
291,13K439,Brooklyn International High School at Water's Edge,19.58571429,21.35714286,17.21428571
292,13K483,The Urban Assembly School for Law and Justice,22.22142857,26.35714286,17.5
293,13K499,ACORN Community High School,27.15333333,32.06666667,20.26666667
294,13K509,Freedom Academy High School,23.33571429,27.85714286,19.5
295,13K527,Urban Assembly Institute of Math and Science for Young Women,24.9,25.66666667,23.66666667
296,13K553,Brooklyn Academy High School,22.46363636,25.36363636,20
297,13K575,Bedford Stuyvesant Preparatory High School,18.19166667,20.91666667,16.08333333
298,13K595,Bedford Academy High School,21.79375,25.4375,17.5625
299,13K596,Knowledge and Power Preparatory Academy VII Middle School,20,20,20
300,13K605,George Westinghouse Career and Technical Education High School,26.7375,32.4375,19.875
301,13K616,Brooklyn High School for Leadership and Community Service,18.38333333,21.5,15.5
302,13K670,Benjamin Banneker Academy,27.89473684,31.84210526,21.05263158
303,13K674,"CITY POLYTECHNIC HIGH SCHOOL OF ENGINEERING, ARCHITECTURE, AND TECHNOLOGY",21.37,28.5,13.1
304,14K050,J.H.S. 050 John D. Wells,29.3,31,27
305,14K071,Juan Morel Campos Secondary School,30.05,32.28571429,26.5
306,14K126,John Ericsson Middle School 126,23,28,18
307,14K322,Foundations Academy,20.6,22.83333333,18.5
308,14K404,Academy for Young Writers,22.53076923,26.61538462,17.84615385
309,14K449,"Brooklyn Latin School, The",23.26,28.53333333,17
310,14K454,Green School: An Academy for Environmental Careers,23.66153846,27.15384615,19.53846154
311,14K474,PROGRESS High School for Professional Careers,25.8375,30.9375,18.75
312,14K477,School for Legal Studies,27.43333333,32.13333333,21.66666667
313,14K478,"The High School for Enterprise, Business and Technology",29.36111111,40.94444444,17.94444444
314,14K488,Brooklyn Preparatory High School,23.40666667,26.26666667,20
315,14K558,Williamsburg High School for Architecture and Design,25.36153846,29.07692308,21.23076923
316,14K561,Williamsburg Preparatory School,25.38888889,29.55555556,20.55555556
317,14K586,Lyons Community School,20.7625,25.375,16.875
318,14K610,Automotive High School,25.56,30.06666667,19.33333333
319,14K614,Young Women's Leadership School of Brooklyn,21,21,21
320,14K632,Frances Perkins Academy,17.3375,19.75,15
321,14K685,El Puente Academy for Peace and Justice,22.3375,24.25,20.875
322,15K136,I.S. 136 Charles O. Dewey,21,21,21
323,15K429,Brooklyn School for Global Studies,25.25714286,28.92857143,21
324,15K443,New Voices School of Academic & Creative Arts,30.5,31,30
325,15K448,Brooklyn Secondary School for Collaborative Studies,23.1,26.46666667,19.8
326,15K462,Secondary School for Law,25.9,30.76470588,20
327,15K463,Secondary School for Journalism,23.77857143,27.71428571,19
328,15K464,Secondary School for Research,26.7375,28.6875,24.4375
329,15K497,School for International Studies,23.52666667,27.46666667,19.46666667
330,15K519,Cobble Hill School of American Studies,26.88235294,31.23529412,21.52941176
331,15K520,Pacific High School,19.93846154,24,15.53846154
332,15K529,West Brooklyn Community High School,16.17,19.4,12.9
333,15K530,Metropolitan Corporate Academy High School,22.16470588,27.35294118,17.17647059
334,15K656,Brooklyn High School of the Arts,26.775,31.875,18.875
335,15K667,SUNSET PARK HIGH SCHOOL,26.85555556,30.44444444,24
336,15K698,South Brooklyn Community High School,19.11,22.3,16.5
337,16K057,J.H.S. 057 Whitelaw Reid,18.3,19,17.5
338,16K308,P.S. 308 Clara Cardwell,27.1,45,19
339,16K393,Frederick Douglass Academy IV Secondary School,22.30769231,28,16.23076923
340,16K455,Boys and Girls High School,26.51333333,34.4,16.46666667
341,16K498,ACORN High School for Social Justice,26.64,29.33333333,22.33333333
342,16K688,The Brooklyn Academy of Global Finance,21.475,25.5,17.25
343,17K002,M.S. 002,19,20,18
344,17K061,M.S. 061 Dr. Gladstone H. Atwell,28.5,29,28
345,17K181,P.S. 181 Brooklyn,30,32,28
346,17K340,I.S. 340,26.1,30,20
347,17K353,Elijah Stroud Middle School,18,19.5,16
348,17K354,The School of Integrated Learning,21,21,21
349,17K382,Academy for College Preparation and Career Exploration: A College Board School,24.81333333,28.8,21.4
350,17K394,M.S. K394,28.5,29,28
351,17K408,Academy of Hospitality and Tourism,25.14166667,30.83333333,18.83333333
352,17K489,W.E.B. Dubois Academic High School,22.33,26.5,16.6
353,17K524,International High School at Prospect Heights,23.79230769,26,20.46153846
354,17K528,The High School for Global Citizenship,26.39375,30.3125,20.25
355,17K531,"School for Human Rights, The",30.9375,32.5625,29.125
356,17K533,School for Democracy and Leadership,23.24285714,26.35714286,19.85714286
357,17K537,High School for Youth and Community Development at Erasmus,23.02,27.53333333,17.73333333
358,17K539,High School for Service & Learning at Erasmus,27.87333333,31.73333333,22.8
359,17K543,"Science, Technology and Research Early College High School at Erasmus",23.09285714,28,17.64285714
360,17K544,International Arts Business School,22.54,27.8,16.26666667
361,17K546,High School for Public Service: Heroes of Tomorrow,23.11666667,26.11111111,19
362,17K547,Brooklyn Academy of Science and the Environment,21.38571429,25.14285714,16.35714286
363,17K548,Brooklyn School for Music & Theatre,26.0875,30.0625,21.125
364,17K568,Brownsville Academy High School,17.75454545,22.63636364,13.72727273
365,17K587,Middle School for the Arts,28.63333333,31.66666667,25
366,17K590,Medgar Evers College Preparatory School,27.57647059,36.17647059,18.11764706
367,17K600,Clara Barton High School,29.25,35.05555556,21.27777778
368,17K625,Paul Robeson High School,24.88125,28.8125,19.5625
369,18K068,I.S. 068 Isaac Bildersee,27.4,30,19
370,18K211,I.S. 211 John Wilson,26.5,30,24
371,18K285,I.S. 285 Meyer Levin,25.075,25.75,24.25
372,18K500,Canarsie High School,21.38888889,24.44444444,17.88888889
373,18K563,It Takes a Village Academy,20.83157895,27.57894737,15.63157895
374,18K566,Brooklyn Generation School,19.93333333,22.58333333,17.41666667
375,18K567,Brooklyn Theatre Arts High School,26.06666667,28.2,23.13333333
376,18K569,Kurt Hahn Expeditionary Learning School,26.125,28.5,23.0625
377,18K576,Victory Collegiate High School,25.01111111,28.22222222,22.33333333
378,18K578,Brooklyn Bridge Academy,16.9375,21,13.5
379,18K588,Middle School for Art and Philosophy,15,15,15
380,18K589,Arts & Media Preparatory Academy,20.05,21.78571429,18.28571429
381,18K617,High School for Innovation in Advertising and Media,19.625,25.08333333,14.58333333
382,18K629,Cultural Academy for the Arts and Sciences,18.37272727,21.45454545,15.45454545
383,18K633,High School for Medical Professions,26.95,30.8125,23.0625
384,18K635,Olympus Academy,14.9,17.4,13
385,18K637,Academy for Conservation and the Environment,19.6,22.33333333,17
386,18K642,Urban Action Academy,20.5625,23.375,17
387,18K673,EAST BROOKLYN COMMUNITY HIGH SCHOOL,18.8,18.8,18.8
388,19K089,P.S. 089 Cypress Hills,15.5,17,14
389,19K166,J.H.S. 166 George Gershwin,18,18,18
390,19K218,J.H.S. 218 James P. Sinnott,37.75,38,37.5
391,19K292,J.H.S. 292 Margaret S. Douglas,38.3,59,24
392,19K364,I.S. 364 Gateway,28.9,30,25
393,19K409,East New York Family Academy,19.12105263,20.89473684,17.26315789
394,19K420,Franklin K. Lane High School,19.54285714,22.35714286,17.14285714
395,19K502,FDNY High School for Fire and Life Safety,23.52,28.26666667,18.33333333
396,19K504,High School for Civil Rights,26.16666667,30.06666667,22.4
397,19K507,Performing Arts and Technology High School,24.61428571,28.92857143,17.57142857
398,19K510,World Academy for Total Community Health High School,23.99375,29.125,19.0625
399,19K583,Multicultural High School,23.80833333,27.66666667,19.5
400,19K615,Transit Tech Career and Technical Education High School,26.97142857,31.42857143,21.14285714
401,19K618,Academy of Innovative Technology,23.31818182,27.72727273,19.09090909
402,19K639,Brooklyn Lab School,25.29230769,26.76923077,23.30769231
403,19K659,Cypress Hills Collegiate Preparatory School,23.84705882,26.17647059,22.05882353
404,19K660,W. H. Maxwell Career and Technical Education High School,25.27857143,31.57142857,17.07142857
405,19K683,"THE SCHOOL FOR CLASSICS: AN ACADEMY OF THINKERS, WRITERS AND PERFORMERS",25.84166667,29.16666667,22.25
406,19K751,ACADEMY FOR HEALTH CAREERS,19.6,22,16
407,20K030,I.S. 30 Mary White Ovington,29.5,30,29
408,20K062,J.H.S. 062 Ditmas,26.3,29,22
409,20K187,The Christa McAuliffe School\I.S. 187,28.6,30,27
410,20K223,J.H.S. 223 The Montauk,19,19,19
411,20K445,New Utrecht High School,27.88421053,34.78947368,16.47368421
412,20K485,High School of Telecommunication Arts and Technology,30.43333333,34.27777778,23.05555556
413,20K490,Fort Hamilton High School,28.31,32.9,17.7
414,20K505,Franklin Delano Roosevelt High School,27.91428571,31.76190476,20.42857143
415,20K609,Urban Assembly School for Criminal Justice,12.575,15,10.75
416,21K096,I.S. 096 Seth Low,24.6,29.66666667,19.66666667
417,21K209,P.S. 209 Margaret Mead,25.2,34,16
418,21K228,I.S. 228 David A. Boody,12.4,14,10
419,21K238,P.S. 238 Anne Sullivan,21,21,21
420,21K239,Mark Twain I.S. 239 for the Gifted & Talented,33.15,39,26.25
421,21K288,P.S. 288 The Shirley Tanyhill,18.8,22,16
422,21K303,I.S. 303 Herbert S. Eisenberg,30.85,33.5,26.5
423,21K337,International High School at Lafayette,17.20666667,18.86666667,15.93333333
424,21K344,Rachel Carson High School for Coastal Studies,25.92352941,30.35294118,19.94117647
425,21K348,High School of Sports Management,26.39285714,28.21428571,24.64285714
426,21K410,Abraham Lincoln High School,27.66842105,34.15789474,17.31578947
427,21K468,Kingsborough Early College School,24.63,27.1,22.4
428,21K525,Edward R. Murrow High School,30.315,34.4,19.8
429,21K540,John Dewey High School,28.37,35.1,18.4
430,21K559,Life Academy High School for Film and Music,24.25,24.83333333,23.66666667
431,21K572,Expeditionary Learning School for Community Leaders,21.15714286,23.07142857,18.5
432,21K620,William E. Grady Career and Technical Education High School,25.62941176,30.58823529,19.76470588
433,21K690,Brooklyn Studio Secondary School,26.58421053,31.05263158,21.47368421
434,21K728,Liberation Diploma Plus,15.4,17,13.71428571
435,22K014,J.H.S. 014 Shell Bank,23.6,27.5,20
436,22K078,J.H.S. 078 Roy H. Mann,27,27,27
437,22K206,P.S. 206 Joseph F Lamb,23,23,23
438,22K207,P.S. 207 Elizabeth G. Leary,27,27,27
439,22K278,J.H.S. 278 Marine Park,21.5,24.5,17.5
440,22K405,Midwood High School,31.96315789,34.42105263,22.42105263
441,22K425,James Madison High School,30.49444444,33.55555556,22.5
442,22K495,Sheepshead Bay High School,26.14,31.75,17.25
443,22K535,Leon M. Goldstein High School for the Sciences,31.58235294,33.70588235,26.70588235
444,22K555,Brooklyn College Academy,26.27058824,32.17647059,18.41176471
445,23K041,P.S. 041 Francis White,27.1,33,19
446,23K493,Brooklyn Collegiate: A College Board School,24.79285714,30.35714286,18.21428571
447,23K514,Frederick Douglass Academy VII High School,23,25.8125,19.625
448,23K522,Mott Hall IV,29,29,29
449,23K645,EBC/ENY High School for Public Safety & Law,19.825,24,14.75
450,23K646,Aspirations Diploma Plus High School,18.95555556,21.11111111,16.55555556
451,23K647,Metropolitan Diploma Plus High School,21.35,23.125,19.125
452,23K697,Teachers Preparatory High School,25.10625,30.8125,18.125
453,24Q077,I.S. 077,28,28,28
454,24Q093,I.S. 093 Ridgewood,28.25,29.5,27
455,24Q119,I.S. 119 The Glendale,26.86666667,29.33333333,23.33333333
456,24Q264,Academy of Finance and Enterprise,24.30588235,30.52941176,18.88235294
457,24Q267,High School of Applied Communication,22.07647059,27.17647059,17.23529412
458,24Q293,Civic Leadership Academy,23.35,27.35714286,19.14285714
459,24Q296,Pan American International High School,19.72666667,23.93333333,16.26666667
460,24Q299,Bard High School Early College II,20.47142857,24,16.07142857
461,24Q455,Newtown High School,27.31111111,32.88888889,19.38888889
462,24Q485,Grover Cleveland High School,26.985,33.1,20.2
463,24Q520,Middle College High School at LaGuardia Community College,18.5,20.76923077,16.15384615
464,24Q530,International High School at LaGuardia Community College,17.00769231,20.46153846,14.30769231
465,24Q550,High School for Arts and Business,27.40555556,31.77777778,19.77777778
466,24Q560,"Robert F. Wagner, Jr. Secondary School for Arts and Technology",26.5,28.70588235,24.41176471
467,24Q600,Queens Vocational and Technical High School,28.45625,33.625,20.0625
468,24Q610,Aviation Career & Technical Education High School,28.16111111,32.94444444,19.44444444
469,25Q189,J.H.S. 189 Daniel Carter Beard,30.95,32.5,30
470,25Q194,J.H.S. 194 William Carr,26,26,26
471,25Q252,"Queens School of Inquiry, The",24.58666667,28.33333333,21.13333333
472,25Q263,Flushing International High School,19.19230769,27.07692308,14.84615385
473,25Q281,East-West School of International Studies,28.93333333,32.46666667,25.66666667
474,25Q285,World Journalism Preparatory: A College Board School,25.04736842,28.05263158,21.94736842
475,25Q425,John Bowne High School,29.385,34,18.4
476,25Q460,Flushing High School,30.02631579,34.52631579,19.68421053
477,25Q525,Townsend Harris High School,29.3625,33.125,22.75
478,25Q540,Queens Academy High School,24.21,31.1,16.3
479,25Q670,Robert F. Kennedy Community High School,30.31666667,33.38888889,25.27777778
480,25Q792,North Queens Community High School,19.86875,23.75,15.875
481,26Q067,J.H.S. 067 Louis Pasteur,28.7,32,26
482,26Q158,M.S. 158 Marie Curie,29.975,30.5,29
483,26Q172,Irwin Altman Middle School 172,29.325,30.25,28.75
484,26Q415,Benjamin N. Cardozo High School,31.10526316,33.89473684,19.05263158
485,26Q430,Francis Lewis High School,30.23684211,34.26315789,17.36842105
486,26Q435,Martin Van Buren High School,27.125,32.95,17
487,26Q495,Bayside High School,32.40526316,34.05263158,25.15789474
488,26Q566,"Queens High School of Teaching, Liberal Arts and the Sciences",28.98333333,32.61111111,23
489,27Q043,P.S. 043,27.5,28,27
490,27Q137,M.S. 137 America's School of Heroes,38.65,45.5,35
491,27Q183,P.S. 183 Dr. Richard R. Green,27.5,30,25
492,27Q202,J.H.S. 202 Robert H. Goddard,34.3,35,33
493,27Q207,P.S. 207 Rockwood Park,22,22,22
494,27Q210,J.H.S. 210 Elizabeth Blackwell,25.05,26,22
495,27Q232,P.S. 232 Lindenwood,34,34,34
496,27Q260,Frederick Douglass Academy VI High School,24.56428571,29,18.14285714
497,27Q262,Channel View School for Research,26.38235294,30.05882353,21.47058824
498,27Q282,Knowledge and Power Preparatory Academy VI,28.6,32,27
499,27Q302,"Queens High School for Information, Research, and Technology",23.27692308,27.76923077,18.23076923
500,27Q308,Robert H. Goddard High School of Communication Arts and Technology,30.11666667,32.38888889,28.16666667
501,27Q309,Academy of Medical Technology: A College Board School,23.32727273,26.72727273,19.45454545
502,27Q323,Scholars' Academy,25.93846154,30.46153846,19.69230769
503,27Q324,ROCKAWAY PARK HIGH SCHOOL FOR ENVIRONMENTAL SUSTAINABILITY,24.3,25.8,22.6
504,27Q400,August Martin High School,28.77777778,33.66666667,22.27777778
505,27Q410,Beach Channel High School,29.41578947,32.21052632,24.15789474
506,27Q475,Richmond Hill High School,29.95,33.38888889,21.83333333
507,27Q480,John Adams High School,27.31578947,34.68421053,17.89473684
508,27Q650,"High School for Construction Trades, Engineering and Architecture",26.84705882,31.23529412,20.41176471
509,28Q008,J.H.S. 008 Richard S. Grossley,27.1,29,25
510,28Q157,J.H.S. 157 Stephen A. Halsey,17.3,19.4,14.4
511,28Q190,J.H.S. 190 Russell Sage,19.5,19.5,19.5
512,28Q217,J.H.S. 217 Robert A. Van Wyck,20,20,20
513,28Q284,York Early College Academy,25.10909091,28.54545455,21.72727273
514,28Q310,Queens Collegiate: A College Board School,22.52857143,25.85714286,19.21428571
515,28Q325,HILLSIDE ARTS & LETTERS ACADEMY,22.75,24.25,21.25
516,28Q328,HIGH SCHOOL FOR COMMUNITY LEADERSHIP,21.94,24.2,18.4
517,28Q338,Queens Satellite High School for Opportunity,27.55384615,31.07692308,22.61538462
518,28Q440,Forest Hills High School,31.20588235,35.58823529,19.29411765
519,28Q470,Jamaica High School,25.45789474,31.47368421,16.31578947
520,28Q505,Hillcrest High School,28.88571429,31.92857143,21.71428571
521,28Q620,Thomas A. Edison Career and Technical Education High School,29.61666667,32.83333333,20.33333333
522,28Q680,Queens Gateway to Health Sciences Secondary School,27.61111111,31.44444444,21.61111111
523,28Q686,QUEENS METROPOLITAN HIGH SCHOOL,29.55,30.5,27.5
524,28Q687,Queens High School for the Sciences at York College,26.00666667,31.26666667,20.4
525,28Q690,High School for Law Enforcement and Public Safety,29.34375,32.75,25.375
526,28Q896,"Young Women's Leadership School, Queens",21.87142857,26.92857143,16.42857143
527,29Q059,I.S. 059 Springfield Gardens,26.2,34,18
528,29Q109,Jean Nuzzi Intermediate School,21.5,21.5,21.5
529,29Q116,PS/IS 116 William C. Hughley,19.9,22,17.5
530,29Q238,I.S. 238 Susan B Anthony,23,24,21.66666667
531,29Q248,Queens Preparatory Academy,25.65333333,28.86666667,22.2
532,29Q259,Pathways College Preparatory School: A College Board School,25.775,29.66666667,21.66666667
533,29Q265,Excelsior Preparatory High School,25.27777778,28.88888889,21.94444444
534,29Q272,George Washington Carver High School for the Sciences,28.26875,32.5,21.6875
535,29Q283,Preparatory Academy for Writers: A College Board School,23.8375,26.5,21
536,29Q295,P.S./I.S. 295,18,18,18
537,29Q326,CAMBRIA HEIGHTS ACADEMY,22.3,23.2,21.4
538,29Q492,"Mathematics, Science Research and Technology Magnet High School",23.525,28.375,17.375
539,29Q494,"Law, Government and Community Service High School",28.15882353,31.52941176,24.05882353
540,29Q496,"Business, Computer Applications & Entrepreneurship High School",31.66666667,34.93333333,27.86666667
541,29Q498,Humanities & Arts Magnet High School,28.20769231,31.38461538,24
542,30Q122,P.S. 122 Mamie Fay,26.3,27,26
543,30Q126,Albert Shanker School for Visual and Performing Arts,14.2,16,12
544,30Q227,I.S. 227 Louis Armstrong,14.7,18,12
545,30Q230,I.S. 230,32,32,32
546,30Q235,Academy for New Americans,23,34,14
547,30Q286,"Young Women's Leadership School, Astoria",21.57142857,23,20.28571429
548,30Q301,Academy for Careers in Television and Film,22.36363636,25.45454545,17.27272727
549,30Q445,William Cullen Bryant High School,29.25,34.5,18.25
550,30Q450,Long Island City High School,25,31.94736842,14.26315789
551,30Q501,Frank Sinatra School of the Arts High School,27.88,33.53333333,20.53333333
552,30Q502,Information Technology High School,26.83529412,31.35294118,19.52941176
553,30Q555,Newcomers High School,26.97647059,30.82352941,20
554,30Q575,Academy of American Studies,31.09473684,34.15789474,26.36842105
555,30Q580,Baccalaureate School for Global Education,20.46923077,23.07692308,17.30769231
556,31R007,I.S. 007 Elias Bernstein,34.2,34.75,32.75
557,31R027,I.S. 027 Anning S. Prall,28,32,23
558,31R034,I.S. 034 Tottenville,27.5,28,27
559,31R047,CSI High School for International Studies,25.66875,30.0625,20.125
560,31R049,I.S. 49 Berta A. Dreyfus,23,25.5,19.5
561,31R061,I.S. 061 William A Morris,25.5,28,23
562,31R063,Marsh Avenue School for Expeditionary Learning,11,11,11
563,31R064,Gaynor McCown Expeditionary Learning School,24.35,28.5,20.25
564,31R075,I.S. 075 Frank D. Paulo,29.7,30,29
565,31R080,The Michael J. Petrides School,30.27222222,34.44444444,24.61111111
566,31R440,New Dorp High School,28.2,34.55555556,17
567,31R445,Port Richmond High School,28.07894737,33.10526316,17.73684211
568,31R450,Curtis High School,27.31176471,33.88235294,16.17647059
569,31R455,Tottenville High School,30.2,34.05263158,21.89473684
570,31R460,Susan E. Wagner High School,29.24736842,34.21052632,18
571,31R470,Concord High School,22.11428571,26,19.42857143
572,31R600,Ralph R. McKee Career and Technical Education High School,28.28,31.86666667,22.86666667
573,31R605,Staten Island Technical High School,29.58823529,33.17647059,21.29411765
574,32K162,J.H.S. 162 The Willoughby,25.8,30,20
575,32K377,P.S. 377 Alejandrina B. De Gautier,31,32,30
576,32K383,J.H.S. 383 Philippa Schuyler,26.73333333,30.33333333,24.83333333
577,32K403,Academy for Environmental Leadership,22.40625,26.875,18.4375
578,32K545,EBC High School for Public Serviceâ€“Bushwick,22.95882353,28.52941176,16.29411765
579,32K549,Bushwick School for Social Justice,22.76,25.86666667,19.86666667
580,32K552,Academy of Urban Planning,23.9,28,19.9375
581,32K554,All City Leadership Secondary School,17.79375,21.625,14.75
582,32K556,Bushwick Leaders High School for Academic Excellence,25.06,30,18.33333333
583,32K564,Bushwick Community High School,24.96428571,28.57142857,20.07142857
